Title,Rating,Comment
 M Power,5,These little MacBooks are ideal for students and small office. Mature to buy Apple Care as they are 
" Love my laptop, slight issue with screen sometimes...",5,"Love this laptop so much, that I am currently typing from. However, sometimes the screen does a weir"
 It‚Äôs very lightweight,5,.
 MacBook Air M1,5,"Absolute beauty, thanks Amazon!"
 MacBook,4,This is a really good opportunity to buy this MacBook. And I like it! Also its come brand new.
 Faulty,2,"I brought it in 2021 and the screen went in the first year, it was fixed free, because i had only ha"
 Outstanding Machine,5,"I bought the M1 Macbook Air base model in 2021, I was looking for a fanless efficient portable compu"
 M1 air which looked no different to my airbook air I purchased in 2012 :-),1,M1 is ok if you don't ever intend to play games and just want to use a laptop for office based tasks
 Quality on point,5,Best buy ever
 Beautiful,5,Never seen something more beautiful and amazing then this thing in my whole entire life. The only th
 Very little to criticise. Almost five star. Magic stabiliser.,4,"-I didn't buy my G9 through Amazon-I'm a fan of Panasonic cameras. I've had a few other makes, but c"
 Such an epic camera,5,The G9 has been a revelation. I bought it as a cheaper way into birding photography. Used with the P
 Excellent camera,5,Bought this as a second camera to go alongside my GH5 but I find this is so good for stills it's bec
 I love it so much,5,It‚Äôs probably not healthy to love a device as much as I love this camera right now! I have owned a h
" feature packed camera, beautifully engineered, huge variety of compatible lenses",5,"This is my 4th Micro4/3rds camera (GF5 (backup body), G5 (now my daughter's), G6 (now surplus)) in q"
 .,5,"Great product, having used Panasonic previously I found the upgrade easier than I thought.Overall go"
 My 2nd G9,5,I have been using lumix cameras for a long time and love them. I had one G9 but more than one lens s
 Great Camera,5,Bought this as the other models on the market now are more aimed at V-Blogging and I wanted somethin
 Nice camera to start doing more videos without investing too much,5,Got this after checking different options. Love the easy buttons to use and the menu is very friendl
 Best camera I have used,5,Forget its ability to let you set several instant personal program modes. Forget the easily to use l
 Trusted product,5,"Great product, it's my second purchase of the same item and it's perfect."
 Not much difference from previous versions,5,Does th job for streaming
 Cheap rubbish,1,Remote didn‚Äôt work out of the box. Absolute waste of time and money.
 Fire stick,5,This is a vast improvement on my old one half the time Disney plus wouldn‚Äôt work on it it‚Äôs easily v
 Fire thing,5,Yep
 DOORBELL,5,EXCELLENT PRODUCT
 Nice,5,Very happy with it.
 Excellent product,5,Purchase some months ago value of money ideally suited
 Great price and quality,5,Very good all round
 Nice,5,Remote is very easy to use
 Left my dishes with white powderly traces,2,We are trying different dishing washing capsules to see which one works the best with our new dishwa
 A little Expensive,3,"A little Expensive , not worth the expense when purchased at full price."
 An improvement on the original tablets,5,In my opinion these are a improvement on the tablets which we have used for years. Gets the crockery
 Clean Dishes.,4,I seem to get better results at higher temperature wash.
 Value for money,5,"Bought them on prime deals. Does the job very well, happy with my purchase"
 Best,5,The best
 Great value,5,"Great value for money,Cleans my dishes perfectly."
 Excellent,5,Good product
 Clean machine,5,These dishwasher tabs are amazing they don't just clean your dishes the inside of the dishwasher loo
 Perfect,5,Excellent
 Cheap is as cheap does.,2,This paper is the worst I've ever used as it's too thin. You can buy better quality from high street
 Perfect,5,Great value for money
 Toilet tissue,5,A bargain I have purchased more than once.
 Nice softness,5,My daughter will now only buy this toilet paper.
 Quality,5,"The service was brilliant when buying the product, the quality is good"
 You get what you pay for,3,These are a lot thinner & smaller rolls than another leading brands 3 ply quilted rolls
 Good quality,5,Very good quality. Will be ordering again soon
 Reasonable price,5,Quality and value for money
 Not as thick as they used to be,4,"Bought on special offer price so not too bad, the roll has shrunk in size , not like they used to be"
 Cleaning my bottom,5,"This product does what it‚Äôs supposed to do it‚Äôs great for cleaning the poo from your bottom, it does"
 Good value and price -- thanks.,5,Good value and price -- thanks.
 Just works for us!,5,"Been taking vit D for the lads few years, only take it during end of September to April, covers the "
 Good product,5,Arrive day after ordering and a good price
 Vitamins for B12,5,These are great to take through the winter months
 Delivery timeüëå,5,Perfect Masks üëç
 Essential for a more mature woman,5,For anyone going through the menopause I would certainly recommend a daily dose.
 Good!,5,Good value for money and easy to swallow.
 Exellent as always,5,"Been recommended by doctor to use it every day so here we are, buying these constantly"
 Nicely packaged,5,Ease of swallowing and good value for money ( I think!?) if it does do the expected job over a perio
 Vitamin D,5,"Used it in previous years. Small, easy to swallow."
 Great product but delivery was left on doorstep not as instructed,5,great product in volume 14 pence per wash
 Favourite,5,My favourite family detergent at a great price.
 All in one,5,clothes smell lovely clean and soft and gets rid of most stains all in one pod
 Ok product,3,Expecting more from this brand
 oh yes Clean and good value,5,I have this product on subscribe and save. It is absolutely brilliant. I can get 10 pods for five po
" Tried everything, but always come back to Ariel",5,"I have used a lot of pods, powders from Amazon, virtually every make, they are nice, but nothing I h"
 easy to use and economical,5,give fresh perfume to clothes
 Confused. Pod,1,I was expecting 64 pods per pack an not 54. Disappointed.
 Value for money,5,"I think is a good way to save, as i have been using for long time and more useful"
 Good value for money,5,I normally buy these from Iceland before finding these and realising they save me more money over th
 Replacement,5,"Excellent, very pleased with purchase. Quality/sound no problems. Well worth the purchase. Thank you"
 All round a good buy.,4,Simple to install and use. Plenty on offer to watch though a lot of old stuff. All in all a good buy
 Perfect,5,I didnt buy one of these for ages... wish I had. Easy to install basically does it all for you. Easy
 Useless product,1,Thought I could swap between inputs with that but no. Still don't understand what's this for. I wasn
 Good,5,Very happy
 Faulty,1,Tried to set it up but the remote connection to the log in page wouldn‚Äôt connect.Had to ring Amazon.
 Ease of use,4,Turned up on time and works. All good.
 easy to use,5,perfect
 perfect,5,Had an older smart TV that wouldn't update. Bought this and can now use the old TV again
 Upgraded remote,5,"Fire stick is great, access to all the major apps in the UK, easy to plug in and set-up. The remote "
 Keeps jamming,1,Keeps jamming the copier when previous paper went through fine.
 good product,5,I have been using these copy printer papers for a while now and I have consistently been impressed w
 Don't Buy this Product,1,The paper constantly jams in the printer causing delays and frustration when printing. I doubt it is
 Only good for lighting fires,1,"Poor paper keeps jamming in printer, a waste of money. Wasted too much time printing again and again"
 Not great in the paper handler,3,Bought this as a replacement for my usual HP 80GSM paper. Doesn't handle very well in printer feeder
 Good Quality Paper,5,Happy with the quality of the paper - used for usual bits and pieces of home printing.And the usual 
 excellent value for money,5,"I recently purchased the Amazon Basics Multi-purpose Copy Printer Paper, A4 80 gsm, 2500 Count (Pack"
 Good value,4,It's good enough. It compares well with other cheaper paper. Better quality than most 'cheaper versi
 Great,5,Good paper for the price. Arrived quickly too.
 Arrived like this !!!!,1,Disgusted I can't even use this !! Soaked through!
 Waiting for replacement,1,Part missing and told a new one would be replaced but still not had it
 Tiddly,5,"Listen, if you have shovels for hands Don't even consider this one.It's small, like really small, bu"
 Superb Value,5,Just received this to replace my Logitech MX Anywhere 2S Wireless Mouse which doesn't scroll properl
" Great mouse, but not as long-lasting as I had hoped.",2,"A good, compact mouse, with an easy feel and an authentic ‚Äúclick‚Äù action which can still be felt. Th"
 This is one of the computer mice of all time,3,"It's pretty small and basic so I wouldn't use it for anything except working while away from home, w"
 Everything I needed,5,I loved this product. Usually I don't use mouse I am used to the touch pad but I can't deny it helps
 Not great,1,Didn‚Äôt work anymore after 3 month - I bought 2 both uselessEven that I didn‚Äôt use them often
" Works well easy to use,",5,"Nice size to handle works very well, Worth the money, Recommended"
 Perfect travel mouse.,5,"Whether taken on the road or used in the office, the quick and ease of use for this mouse is perfect"
 Just what I wanted,5,I didn't dislike anything
 great,5,great
 Cat food,5,Cats loved it and bonus price at the time
 A fussy cat approves.,5,My cat suddenly got very fussy with her food and was leaving the ones she used to like so I tried th
 Cat,5,My cat loves these and they are good value for money
 Price,5,Feed the üêà
 Perfect,5,Perfect just what we need. Arrived in good order and in good time.
 Well the cats & foxes I feed love it all puuuuuurfect. Many thanks,5,Nothing to dislike or find fault with. So well pleased with my goods... .
 Easy to serve,5,Cat seemed to enjoy it
 Cats like it,5,"Cats like it, so must be good"
 Clean bowl,5,"My cat ate the lot l, loved it. Will definitely be buying again"
 Strong bags,5,"Great little purchase. Strong bags, nicely perfumed."
 Not compostable,1,Hard to separate bags.Unpleasant smell and definitely not compostable. Will not buy again.
 Recommend for baby,5,These are great mini rolls to keep nice and neat and travel with. So compact and great size. Only th
 Great item,5,Strong bags
 Nice Smell .,5,Bags eliminate smell of dog waste very well .
" Sturdy, easy to use",5,"I know, poo bags, what can you say? Well, turns out they're not all equal. One batch of cheap ones I"
" Yup, they hold poo...",5,"In all seriousness, they actually do."
" Robust bags, great",5,These are much better than the flimsy bags we got from the supermarket which often ripped which is o
 Poo bags are Awesome,5,These are great and fits in pockets and cars we never run out
 Too thin!,1,I will leave it to your imagination! Won't buy again ü§¢
" Good strings, does the job, perhaps not slinky for long",3,"They have a very nice slinky sound when they come fresh, excelent sound, after a fast while i think "
 Only part of order recieved,1,Only received one set I ordered three sets and payed for three sets please send two more sets or ref
 Good price,5,All ok
 Great I‚Äôm between gauge,5,Awesome for keeping the guitar in tune (especially strats) and great tone for rhythm and easy on the
 Good strings but...,3,"I usually go for 10's, on rare occasions 9.5's. I've bought this pack as I needed to change strings "
 Guitar strings,5,Efficient & quick can I have some more please
 A great improvement....,5,"I am by no means a guitarist and can only play parts of my favorite songs and themes, and I find mys"
 Quality strings,5,"Always use these strings, they have always been the best quality"
 great,4,was really good
 Ernie ball Slinkys rule,5,My favourite strings after many years of playing
 Arrived broken,3,"When I opened the package, something was rattling in the machine, I took off the lid and the piece w"
 Disco Disco Disco,4,Very good. Easy to use
 Blew up,1,Product blew up and sparked from the plug. Could of caused a fire. Really unhappy.
 Light,5,It is nice.
 Good value for price,5,"Excellent item for the price & colours are lovely & bright & choice of settings. Only tested item, b"
 The motor stopped working,1,The lights are good but the spinning stopped
 How can I play music,4,How can I play music? Bluetooth settings on phone show no device
 Perfect for kids,5,My baby loves it for sensory input. My toddler puts it on with music to dance
 Arrived broken,2,"Product seems good for the price. But unfortunately arrived broken, resulting in a very disappointed"
 Great value,4,"I bought this item for our trip to Amsterdam. The lights are bright, covered an entire room, it also"
 Wish I bought it sooner,4,Such good value and game changer wish I bought it years ago.. only improvement could be that it coul
 stopped working after 1 winter!,3,im really upset! i bought it last winter and it kept me so warm in the night. now that im ready to u
 Electric under blanket,5,Easy to secure to the bed dual controls heats up quickly
 pleasant,4,not as hot as I expected but perfectly adequate
 Cosy,5,This was bought for my elderly mother and she loves the comfort and quality.
 Excellent dual control underblanket at a good price and a reliable manufacturer.,5,I like that I can control the temperature on either side of the bed as one heat doesn‚Äôt fit all.
 Not impressed,2,I have bought a double one for my bedroom and I am pretty happy with it . So I decided to get a sing
 Great when it actually works and is new,3,"When it works it is really nice, warms up the bed quickly and gets to a nice temperature. However th"
 Very simple easy to use.,5,"I start with number 3, it heats up very quickly, but it's very warm and that's why I leave it on num"
 Silentnight electric blanket,5,Excellent value for money and easy to use and install. Would recommend this product.
 Nice touch,5,Great to send to someone you missing..
 Perfect,5,As it said and looked
 Fast delivery,5,A great quirky gift.
 Check the sizes,1,"Nice little verse, size ridiculously small cheapy looking"
 Just fits nicely in my granddaughter's hand,4,"I liked the product, and my granddaughter was also pleased with it xx"
 Love them my gosh,5,"Just right , I thought a bit small but they are fantastic üòú"
 Gift,5,"Lovely gift, and from the photo I was sent it was beautiful and as it appears in the photo!"
 Beautifully crafted,5,Lovely neat gift just right for keeping on you. Good quiality
 Great gift,5,"Ordered for my son as a good luck for school. It was a great gift and fitted inside a card, he loved"
 Nice,5,Gave to my niece after she lost her mum
 Stopped working,1,Stopped working after a few weeks and GoPro customer service is the worst I have ever experienced. T
" Overheats, freezes, avoid gopro like a plague",1,"I was super excited to get my first gopro. Does it film with great quality and ease? Yes, but only w"
 Go pro 10,1,This camera have under full video record and the battery is the big down fall. Also overeating so qu
 Great camera but not if amazon sell you a faulty one,1,I bought a warehouse version at a discount and it doesn't work properly. It's not possible to turn i
 Great Produxt,5,"Excellent and was exactly what I wanted for general photos, selfies and underwater videos."
 Rubbish Batteries,3,"I have given this Gopro Hero 10, 3 stars mainly because the blue batteries that come with it are rub"
 You MUST buy a MicroSD card which is sold separately,5,"I've asked Amazon to add to the listing ""You must buy a MicroSD card which is sold separately"".Lucki"
 Worst Product,1,Battery life is very cheap. They buy a good amount and the battery of the camera won't last for one 
 The software is still absolute garbage,2,"I've owned a GoPro Hero 5 Session for a long time, and it worked pretty well as a basic helmet camer"
 Love this!,5,Fantastic bit of kit and got a great deal on mine which is even better! Much better user experience 
 Very absorbent,5,Good value as they are so thick and absorbent you don‚Äôt need as many sheets to mop upspillages.
 Value,4,Thickness uses less then other paper towels
 Best kitchen roll,5,"Very good absorption, enough one square not half of the roll."
 Cheaper than Asda,5,Always buy from Amazon as it is better value than supermarkets and don‚Äôt break and good for cleaning
 Quality has Reduced!,2,Been buying this for years with great quality and value. Unfortunately the latest order received the
 Super absorbable tissue,5,"Good value for money, good size and quality, very pleased with how absorbent the sheets are very use"
 The Package,4,Easy to order/ Quality product/ no handling at a supermarket / prompt delivery/ good bargain
 Quality has dropped and price gone up,2,"Had these on order over the last couple of years. Unfortunately, the price has gone up considerably "
 Best kitchen towel,5,"Best kitchen towel, big sheets, cleans up well. Strongly recommended."
 Great Product,5,"I have these on subscription. Really good size sheets, very absorbent."
 rescuepro deluxe not included?,3,"no registration key for rescuepro deluxe recovery, at least on card packaging"
 Great product watch out using buy now!,2,Ordered to use for a trip away as a long standing prime member and used buy now feature but it defau
" Massive size, good value.",5,Works well.
 Faulty card,1,"After copying files onto the SD card, only the first 60GB or so could be read. After this point the "
 Fast,5,Use it in a NextBase dashcam cos it‚Äôs cheaper than a NextBase branded one and I‚Äôve had no trouble wi
 Excellent micro sd card,5,Sandisk extreme have good speeds but not the top speeds available with other brands and models. But 
 Speedy,5,Use this in my steam deck so far it has done everything required of it with no issues
 super service a problem was corrected very quickly many thanks.,5,used for storage on a motorola phone and is working properly .
 Ideal for my Drone Video and Photography,5,"Always used SanDisk SDXC cards for all my cameras for many years,and now Drone, Video and Photograph"
 Beaut,5,Great capacity and good value
 MacBook Air,5,Excellent product at a very reasonable price
" Fit's my lenovo ideapad 5 flex 14"" very well",4,"At first I was skeptical when ordering, if it was going to fit my 14"" laptop as I selected the 13.5"""
 The JETech Laptop Sleeve is a good fit for my laptop. It also protects by the JETech laptop sleeve.,5,The JETech Laptop Sleeve looks good.I am impressed by the protection by the JETech laptop sleeve.I h
 Perfect!,5,Really good size and very practical.
" Excellent, perfect fit for my surface pro",5,"Really well made with a lovely soft lining, a complete bargain"
 Same Amazon value and reliability,4,"The sleeve was received as pictured. The sleeve was delivered 3 days later than advised. However, I "
 13 in laptop case,5,"Product is exactly as described, a nice colour and lovely soft material inside. It appears very good"
 Nice case,5,Lovely soft case which holds and protects my MacBook Air very well. Has an external zip on the outsi
 ‚ù§Ô∏è‚ù§Ô∏è‚ù§Ô∏è,5,excellent ‚ù§Ô∏è‚ù§Ô∏è
 Looked to be of good qualty.,5,the JeTech laptop sleeve for 13.3-Inch MacBook Air/Pro looked to be of good quality. It was for my d
 Every guitar/bass player should have those in their guitar case,5,Every player should have this in their guitar case. Would recommend
 Guitarpolish,5,"Handy bit of kit, only use every so often does a good job."
 Makes the fretboard look fresh and well care for,5,Easy to apply and price seems fair
 No delivery 15 days no refund,1,Ordered on 30th of August cancelled by supplier now 15th September and still no refund. Amazon Custo
 Does what it says,5,Great to keep your guitar in good condition
 Excellent,5,Excellent
 Works a charm,4,Great on old dusty frett boards
 Amazing,5,Restored my fretboard on a 50yr old Spanish acoustic
 Expensive but worthwhile for maintaining fretboard,5,Does the job.
 Great Finish,5,"Removed all smudges from the fret board, not sure on the flavour though... smells nice aha"
 Delivered on time,5,Very good for plucking guitar strings.
 good wuality,5,brought them in december and still have all til this day (oct 1 2023)does come in all sizes
 Just what I needed,5,Good service and prompt delivery
 Good,5,Good quality product
 so much variety,5,these are very good i often switch between them very good
 Multi guitar picks,5,"Lovely looking,"
 A Perfect Melody of Variety and Quality - A Review of PPpanda Guitar Picks Set,5,"The PPpanda Guitar Picks set, consisting of 32 assorted plectrums, has proven to be an excellent add"
 Great,5,"Unlike most guitar picks these are strong, ive had some very weak picks in the past that bend wherea"
 Finger picking good.,5,Good choice of plectrums in the box.Acetate as well. Distinctive to look at.
 speedy deliver and amazing quality,5,the picks are a bit thing but i have so many im never running out they‚Äôre all fun colours and really
 Guitar string winder,5,Great little tool I change all my strings with this no problem.
 Useless for unwinding - head keeps coming off,1,"Works great when winding, but in the other direction, the screw holding the winding head unscrews it"
" A must have, period",5,Okay without this I would have been totally lost... I have replaced the strings for the very first t
" Not bad, prefer the older version",4,The older one was a bit bigger and the pin puller was on the winder. I have one that‚Äôs been used wee
 Great product,5,"Handy tool , makes changing strings easier."
 Essential tool for restringing,5,"All three parts you need, proper wire cutter, removal tool for the pegs, and a winder. I probably do"
 It does the job,3,It does the job but is no better than similar products available at a much lesser price.
 Like butter,5,Cuts string like butter. Even a 0.068 on a 7 string
 Exact product!,5,Just what I need!
 Buy one,5,Spent 30 years refusing to get one of these as I saw them as a gimmick. Always restrung by hand. Fin
 It‚Äôs a great cleansing balm,5,It‚Äôs great on the skin
 Smells gorgeous,5,Feels like a little bit of luxury.
 Jan,5,I love this product best ever.
 Favorite product now (first time),5,I am in search to create the best skin care routine for myself.I have struggled as I have sensitive 
 It‚Äôs nice,3,Quite a strong scent. Works well. I feel like I use quite a lot
 Wish I had read reviews,1,"Arrived looking slightly different to my usual Elemis products. No box, no seal. Also just smells sl"
 Luxury in a jar,4,"A spa in a jar, one of the best cleansing products I‚Äôve ever used, a little goes a long way so the j"
 Smells amazing,5,"This just smells amazing, smells very spa like. Great texture and just melts the makeup away. A litt"
 Feels and smells great!,5,"Highly recommend this product. Makes your skin feel luxurious, cleansed and radiant."
 Excellent,5,It feels great on the skin. Smells lovely too. I sometimes leave it on for a bit before washing off.
 Works well but arrived damaged,4,Perfect for 2 or 3 people. Bought to use while we are having a new kitchen fitted. So far I have mad
 Well worth it,5,Perfect for my requirments
 Bottom fell out of pot,1,Crap quality I‚Äôve just had to clear a curry up off the kitchen side as the bottom fell out of the ce
 Crackpot,5,Excellent
 Easy to clean,5,It works very well as expected no snags.
 great for 1/2 people,5,brilliant little slow cooker for 1/2 people or smaller batch cooking. it is easy to use and clean an
" Love this thing, perfect size!",5,"I love this slow cooker, I live alone and it‚Äôs the perfect size just for me. This makes 2 big portio"
 Winter stews coming up,5,Perfect for 2 maybe 3. Made casserole n dumplings will be making plenty for winter. Great slow cooke
 Easy to use. Perfect for 1/2 people. Very light,5,No dislikes . Cute looking anc easily stored away.
 Brilliant,5,Brilliant for soup or stew
 Defective and used,1,The water tank of this item was wet so I wasn't at all surprised when it didn't work properly. Obvio
" Its Ok, Not Great.",4,"Really great wanted one for a while now, the brush accessory doesn‚Äôt stay on very well but all in al"
 not the best for curtains.,3,I really didn't want to iron the curtains so I gave it a go. Curtains are cotton but not thick/doubl
 Not even a year old & doesn't work,2,"For the price of it, I would expect to get more than 10 months out of it since its only used to iron"
 Great travel companion,5,Was really surprised by how good this little gadget is. I took it on holiday and did a great job at 
 Spits lots of water with the steam,1,Product gives out a lot of steam but it isn't consistent. Even on a low setting it will suddenly do 
 Best low cost steamer,5,"I‚Äôve used several cheap no brand steamers, this cost about the same but is so much better. Produces "
 WAS working well until..,1,Out of the sudden it stopped producing steam! I cleaned twice and always make sure of adding clear w
 Steamer,5,Great steamer
" Simple, Affective",5,"Really great wanted one for a while now, the brush accessory doesn‚Äôt stay on very well but all in al"
 Well received gift.,5,"The little one apparently loves it, makes bathtime more fun."
 Falls off the wall,3,Stuck it to the wall but when you use the handle to pump the bubbles it just falls into the bath.
 Doesn't work,1,3 different bubble liquids and still no foam. Fell off bath tiles and hit my child (surprisingly hea
 Great toy!,5,"Does exactly what it says: stays stuck to the bath, creates lots of foam (if you put proper bubble b"
 Ice cream bath toy,1,It didn‚Äôt ever work. Should have sent back.
 Loved it,5,Perfect for children
" Doesn't stick to tiles or bath, falls off constantly",1,Waste of time and money as it wouldn't stay stuck to the tiles or the side of the bath. One hand is 
 Bath,5,Quick service and great item plenty of fun thank you
 Good bath toy,4,I think this could be a bit cheaper so given it 4 stars. But it girl loves it and it makes bath time
 Didn't work,1,Unfortunately it never seemed to make any bubbles .Left it too late to return
 Broke after only a year of casual use..,2,"Broke after only a year of casual use..First the left side panel fell off for no reason, then the Mi"
 Very good,5,"Very good headphones , connect directly to the Xbox with little messing about , very comfortable for"
 Pricey - but worth it,5,"More expensive than others but really cannot fault them, other than being a little tight at times"
 BEWARE! They turn the Xbox on!,1,"I bought the headset with the aim to use it with multiple devices, but they keep turning the Xbox on"
 Worth the extra money over wired,5,"Vast improvement on the wired version of the same headset, would definitely recommend paying extra f"
 Very good sound,5,"Great sound and good price if you want the best sound during gaming as I do, it has Dolby Atmos and "
 Perfect headset for xbox,5,Title says all
 Poorly made,1,Had these for about 6 months and was amazed at how good they where but whilst playing one night the 
 Best Headset,5,I loved the bass on this thing and the sound quality is amazing it also comes with settings on the X
 Great headset next to the Xbox,5,"Easy to setup, microphone is very powerful and audio is pretty clear. Good product."
 Amazing book,5,
 Brilliant gift,5,Our son was given one of these for his 7th birthday and enjoyed it so much! Great for rainy day acti
 Lovely,5,"So good, very good spend of money"
 Daughter loves it,5,My 11 yo daughter loves it!
 Mixed opinion,3,Brought this as a present for a 9 year old! She loved it. I can see why as it had activities to help
" Fun, creative and imaginative",5,"Brought for my 10 year old who's always bored so now when she's bored I tell her to do her journal, "
 Horrible book don‚Äôt recommend üëéüèΩüëéüèΩüò°üò°,1,This product is the worst; pages are too small and I got bored very easily. Don‚Äôt buy !!! It is a wa
 Cant do without it,5,Granddaughter cant function without it
 Fantastic,5,Daughter asked for this for her birthday. A keen book lover I knew this book would challenge her! Sh
 Brilliant,5,"Brought as a gift, they love it. Good value for money and good quality. No faults"
 Defective and used,1,The water tank of this item was wet so I wasn't at all surprised when it didn't work properly. Obvio
" Its Ok, Not Great.",4,"Really great wanted one for a while now, the brush accessory doesn‚Äôt stay on very well but all in al"
 not the best for curtains.,3,I really didn't want to iron the curtains so I gave it a go. Curtains are cotton but not thick/doubl
 Not even a year old & doesn't work,2,"For the price of it, I would expect to get more than 10 months out of it since its only used to iron"
 Great travel companion,5,Was really surprised by how good this little gadget is. I took it on holiday and did a great job at 
 Spits lots of water with the steam,1,Product gives out a lot of steam but it isn't consistent. Even on a low setting it will suddenly do 
 Best low cost steamer,5,"I‚Äôve used several cheap no brand steamers, this cost about the same but is so much better. Produces "
 WAS working well until..,1,Out of the sudden it stopped producing steam! I cleaned twice and always make sure of adding clear w
 Steamer,5,Great steamer
" Simple, Affective",5,"Really great wanted one for a while now, the brush accessory doesn‚Äôt stay on very well but all in al"
 Works well but arrived damaged,4,Perfect for 2 or 3 people. Bought to use while we are having a new kitchen fitted. So far I have mad
 Well worth it,5,Perfect for my requirments
 Bottom fell out of pot,1,Crap quality I‚Äôve just had to clear a curry up off the kitchen side as the bottom fell out of the ce
 Crackpot,5,Excellent
 Easy to clean,5,It works very well as expected no snags.
 great for 1/2 people,5,brilliant little slow cooker for 1/2 people or smaller batch cooking. it is easy to use and clean an
" Love this thing, perfect size!",5,"I love this slow cooker, I live alone and it‚Äôs the perfect size just for me. This makes 2 big portio"
 Winter stews coming up,5,Perfect for 2 maybe 3. Made casserole n dumplings will be making plenty for winter. Great slow cooke
 Easy to use. Perfect for 1/2 people. Very light,5,No dislikes . Cute looking anc easily stored away.
 Brilliant,5,Brilliant for soup or stew
 Nice game,5,Nice game
 worse than wii,1,souless
 Purchased as a gift,5,Great gameGood priceSpeedy deliveryLoved it.üéæ‚öΩÔ∏èüé≥
 Fraud,1,This is a fraud product. It came without any codes or card inside. Contacted the customer support te
 Fun games mix,5,"As pensioners looking for winter entertainment this is great! Variety of games, lone or multi player"
 Great set of games,5,Very entertaining for all age groups.Simultaneous bowling for multiple local players is a good addit
 OK but overpriced,3,"The Nintendo Switch Sports game bundle includes fewer games than Nintendo Wii Sports, which I find t"
 Present,5,Great gift for my granddaughters 12th Birthday.
 Great Game,5,Me & my little boy love this game as it has got a variety of sports you can participate in
 Amazing,5,My boy loves it
 Excellent quality,5,"The physical book is so much cheaper than the digital version, how is that right? The quality is gre"
 Item left of doorstep,2,"Product itself is great, poor delivery service just dumped on my doorstep in a row of terrace houses"
 Lovely condition,5,This is a fun extension to the monster guide in the basic DnD packs. The collector of the title is a
 A complete disaster,1,My Autistic Son bought this book delivered today page missing torn out and a lot of the pages are st
 Essential resource for the DM,5,"Bought as a present ""to order"".Absolutely appreciated and well used.Easy to call it good value for m"
 Incredibly detailed,5,Plenty of new features and details
 Nice,5,"Good book, plenty of interesting things for players and DM's. For once delivered with no damage and "
 Damanged,2,Arrived damaged at the corners
 Great book,5,A really useful book full of info
" Get it, you know it's helpful",4,"Seriously, try to get all the books, the ideas scattered around in them will have you feeling like a"
 Great gift,5,Bought as a gift really good quality
 A perfect Gift,5,I gave this as a birthday gift and it was perfect. Good quality and sits well on car keys. tis taken
 Superb little key chain,5,Good ket chain if you like funkopops or atar qars
 Good for the price,3,well seeing the price I didn't have my hopes to high on the quality of this keychain but when it arr
 It's Grogu,5,Fantastic because it's grogu!! It came boxed so I decided to keep it on display in the box rather th
 What a lovely little character,5,I am a fan of Grogu and I was happy to find this lovely little key ring. Quality is excellent.
 So cute- but eyes are bit pink,5,"Super cute keyring, the guy I‚Äôm dating loved it. My only hesitation was he looks like he‚Äôs kind of g"
 Perfect,5,All good
 Love it!,5,I love it.
 Keyring,5,Bought this as a birthday present for my son and he loves it
 Excellent globe,5,I was surprised how much this leapfrog globe has to offer out of the box.It offers plenty to do if y
 Leapfrog rubbish,1,We bought this a while ago but only used this a couple of times the pen broke and I contacted leapfr
 Great Learning Tool,5,My 6yo daughter loves it and has been super helpful in developing her interest in geography
 Granddaughter loved it,4,Great learning aid for kids
 Wonderful education tool,5,I bought the interactive globe for my granddaughter's 6th birthday. She was thrilled with it and in 
 Good but restricted,3,Good fun for a few weeks but you need a pc to download the extra packs. It plays the games over and 
 Stylus pen stopped working,1,It was Santa's present... The stylus brake after two months of use. These are my 7 years son's words
" My kid love it, and I learn too",5,"OMG, this is so educational and fun at the same time. There are lot of small video clips to educate "
 Disappointing,1,The globe was bought as a Christmas present for our Granddaughter.Worked well for5 days and then sou
 Purchase as an Xmas present,3,Good product very educational but was quite expensive for waht it was and my kids lost interest afte
 Brilliant buds,5,These were a present for my husband who is difficult to please and he absolutely loves them. They fi
 Almost worth every penny,5,"The AirPod Pro 2 is a significant upgrade. These earbuds offer remarkable sound quality, fantastic n"
 Best in class!,5,"These are singlehandedly the best earbuds I‚Äôve ever tried! The sound is very good, noise cancelling "
 Pinnacle,5,"Very good in all aspects, good wide sound, instantaneous connection, good battery life, amazing nois"
 Fantastic as expected,5,Had the AirPod 2 for two years till they started dying in a few minutes. Figured I‚Äôd upgrade to the 
 Excellent sound quality and NC,5,This is not a cheap product but the sound quality is excellent as is the noise cancellation. The tra
 Noise cancelling is very weak,2,Sound quality is very good. Comfort is good but not as good as previous generation AirPods Pro becau
 My first Airpods,5,Never had an Airpods before and I think this is what's every iPhone holder need as necessary accesso
 Awful Microphone!!,1,I gave this product a one-star rating due to its disappointing microphone performance. It's quite su
 These were a game changer for flying!,5,Excellent noise cancellation feature; this was a game changer for my husband whilst he was flying as
 Almost a year later going stribg,5,This is a great example of actually getting what you pay for.Heats up really quick and cooks food we
 Excellent,5,It's really easy to clean. I'm finding that I don't have to oil the plates for cooking.
 It cooks as it says,5,It is much easier to use than bothering with our big grill
 mini grill,5,"good little grill ,stores away neatly."
 Excellent,5,The best I ever had so far.
 Good value,5,Compact and well made. Perfect for one person
 Very Dissapointed,3,At the moment I have only used it for cooking sausages. Whilst they may be cooked throughout they lo
 Not a toastie machine!,1,Toasties to me mean sealed edges.This machine toasts the top and bottom of the bread and that's it.D
 2nd hand,1,
 Foreman,1,"Hard working cleaning it,quite heavy aswell."
 Tile Tracker,5,Excellent tracking device - bought the model that has replaceable batteries rather than the 3 year n
 Ideal for tracking luggage,4,Tried out for the first time during recent trip to/from Mallorca to keep an eye on the movement of o
 Disappointed - you have to pay for what should be basic features.,1,‚ÄúSmart Alerts‚Äù should be included in the basic option.The whole point is to get a warning if you lea
 Either faulty or poor quality,1,"Having used tiles to locate my phone, keys and wallet in the past I decided to get some new ones aft"
 Absolutely rubbish and inaccurate,1,I bought these for peace of mind to pop in my daughter's pocket whilst she plays outside with her fr
 Waste of money,1,The tile pro does not have a range of 120m... It has a notify when found. Does not allow you call it
 Ok,3,"Not a bad bit of kit, quite accurate. I've used these to secure site keys. It can be used without a "
" Terrible, can't understand how these have good reviews!!",1,Terrible....i bought two of these to track my luggage and they only work when within about 30 feet o
 Excellent product,5,"Bought these after trying the Apple air tag, which I could hardly hear even standing next to it. Thi"
 Waste of money,1,I purchased a pack of 2 so that I could track my luggage when we went on holiday. Long story short t
 Hours of Play,5,"Great for any surface, just what my grandsons needed this summer! An absolute hoot playing round Rob"
 A swinging success,5,Swing ball set is great to use outside and inside depending on the weather .It‚Äôs great for all ages 
 Boy loves this.,5,"Good price, good quality and a must have for the garden. Packs away nicely for the beach too"
 Hours of fun and exercise,5,Love whacking the ball round with friends and family. Great fun. Makes us laugh a lot! Great exercis
 Great game,4,I was a bit worried as there was no cardboard cover showing the product. Contents look in tact but j
 Great,5,"Easy assembly , bit of fun for the kids in summer holidays ."
 Great,5,"Easy to set up, great quality and kids love it. Highly recommended."
 great product,5,this is easy to assemble and to take down and put away. We have had lots of fun in the back garden. 
 No outer wrapper,3,No outer wrapping or instructions like the picture shows. Bought as a gift but looks cheap in appear
 Go with the swing,5,"Easy to assemble great fun to use, good product."
 Great scrub,5,Works well
 Sooo good,5,This lip scrub is amazing love it so much
 Super soft lips!,5,Bought this after getting aligners and finding that my lips were getting really dry and flaky. It ha
 Scrubs my lips,4,Works as intended. Maybe make it taste a little worse cos i fell into a trance and ate like half of 
 really helps with drier lips,5,"very good, and edible too !"
 Amazing,5,Fantastic product. Got my lips feeling soft and looking pinker!
 NEW HOLY GRAIL,5,This leaves your lips feeling soft and beautiful honestly! 10/10 recommend. I use roughly 3 times a 
 Worst,1,Just fragrance and rest whole pot is drying substance
 Absolutely great,5,These work really well
 Loved it,5,"It smells amazing, a bit is guaranteed to go inside of your mouth so it's good that it tastes nice t"
 Great little pan,4,"Good little pan, non stick works well."
 Omelette pan 101% satisfaction with my purchase,5,101% satisfied with omelette pan.
" Ok, does the job",3,Feels cheap but does the job it's supposed to do. Smaller than expected.
 egg poacher,5,its brill ask for nothing better
 Dissatisfied,1,Hole in one of the egg poachers have to return it
 Eggselent,4,Good value for money 2 in 1 small non stick frying pan + egg poacher
 Too small,1,"Depth for the water is too shallow, and my large eggs wouldn‚Äôt fit in the cups."
 Handy pan,5,.
" Perfect eggs,",5,"Does what it says on the box, sturdy and easy to clean"
 Great little poucher,5,Very neat egg poucher cooks eggs really well as lid is heavy
 Sparkling water,4,"Save the planet, stop buying bottles of fizzy water, Check ‚úÖ"
 Good quality,5,Great product and excellent quality
 Saving ¬£¬£¬£¬£¬£'s on plastic,5,Had a sodastream back in the 80's as kidsNow I'm saving money not buying sparkly water in litre bott
 Saves a fortune,5,Well made product. Can carbonate to the strength you like ans saves a fortune on buying carbonated d
 Good product,5,I recommend to everyone
 Overflows - does not work,1,My old Sodastream stopped working even with new bottles and this new unit is no different. Does not 
 Performance Inadequate,1,Carbonation did not last and gas cylinder only made for around half that‚Äôs stated bottles.
 Okay,4,The machine is exactly like my parents had when I was a child and soda stream was a new thing out al
 great,5,"Use it every day, very good"
 Soda stream,5,Does exactly what I want and saves me carrying pop into house
 Beautiful Frozen jigsaw,5,This was bought as a gift. The box is good quality and the four jigsaws are graded in size. The chil
 Puzzle,5,Good little puzzle for the price
 Very strong,5,My granddaughter loves them
 Stickers,3,Jigsaw was delivered with stickers all over the front picture. Unable to remove all of it which is r
 Birthday gift,5,I bought this for a children's party gift. I was very impressed that I was able to get a branded gif
 Brought as a present,5,"Daughter's friend loves frozen. Came quick, great packaging and she liked the gift."
 i managed to do it,5,"i spent like 4 weeks how to open the box and i hope ill finish it until winter""joke"" :)"
 Good value,4,"For ¬£5, you can‚Äôt complain! The pieces are good quality and who doesn‚Äôt love Frozen?However, my feed"
 Don‚Äôt expect a huge puzzle,1,Bought loads of little items for friends as gifts. Tiny. Awful quality. Can get cheaper at smyths
 Nice puzzle but not easily separated,4,"Puzzle was great for my 3 year old but the puzzles are all in one box: however, can be differentiate"
 Great item,5,Used once and they were excellent. Very happy
 Pair of Callaway golf gloves,5,1st time I‚Äôve used a pair of golf gloves when playing golf. Played in the rain so anyone who has don
 Very nice and warm,5,My uncle is very happy with these good quality and warm
 Great,5,Good present
 Feel good,4,Not used as yet but quality is good
 Kept me warm,5,I‚Äôm usually a fair weather golfer but have been playing a few rounds in the cold & wet. They kept my
 Winter golf,4,Great for keeping the hands warm but only a 4star as they do take on a fair bit of water when it rai
" Wear very quickly, lovely glove but the quality could be better",3,Quality needs improvement as they wear very quickly
 Great gloves,5,Great quality gloves that last
 Perfect fit,5,Second pair purchased absolutely fabulous
 Great kitchen addition,5,I love this. All the compartments work great. The chopper function is particular good. Very good cap
 Good Food Processor,5,"Only a small negative, is it a bit loud when using the blender"
 Worth it,5,"Complete process food, blend soup and smoothie with small blender.I love it."
 Great Kitchen Gadget,4,"I absolutely love this! from mixing, juicing and blending - superb performance. A little on the loud"
 Nice,5,I love it
 Brilliant appliance.,5,This is built to perform. Its scarily efficient. I am still learning to use all the features. I do r
 Can‚Äôt blend everything,1,It‚Äôs okay. Bit pricy for what it can do. The pure function is useless. If you want something blended
 Excellent product,5,"Sturdiness, powerful"
 Bowl broke and no replacement,1,The bowl sheared off at the screws after just one year‚Äôs use and there is no available replacements.
 versitile,5,versatile
 Mixed feelings,4,It toasts well.It has only 2 slots as against my old Tefal with 4.The slots are not individually pro
 Toaster,5,Good price works ok looks good
 Is what it is,4,Bought for my friend because i broke her toaster.Takes a while to get used to the shape.Makes good t
 Cooks uneven and burns crusts,2,Been using this a couple of months now and have to manually turn the bread halfway through to get an
 Good toaster,5,Excellent service
 not 4 slice at all,2,dont waste money doesnt fit 4 slices no matter what way rotated doesn't toast properly
 Didn't even last 3 months,1,"The toaster started sparking, while making some toast, cancel button stopped working, it would have "
" Ok, should be a little deeper",3,"This could do with being a bit deeper. It‚Äôs useful having lots of width though, why more toasters ar"
" Looks the part, but can't do the job!",1,"OK - the good points - it looks good, is cheap, and the controls are on the front.However, it just d"
 Great buy,5,Very good buy
 J Wales October 2023,3,Bought for Christmas gift pleased with purchase
 Great product for teaching new words,5,Highly recommend
 Best Baby Book Iv Found,5,Excellent noise and sounds our Grandson of 12 months loves the LeapFrog books. 5 star.
 Well made,5,"Nice toy, entertains and can stand being thrown across the room lol"
 Great,5,Very enjoyable my grandson loves it
 The kid enjoys the giftWhy to share to video,5,Gift for 2 yr old Boy
 Great,4,Love this just what we wanted good value for money
 Poor,1,Very poor quality. Sound didn‚Äôt work properly Returned the product.
 Great gift,5,Bought this as a gift many times and recommend to anyone with young children
 Harry birthday toy,5,Fantastic absoutley loved it made his day
" Good device, strap causes rash",4,I upgraded to the Charge 5 from the Charge 2. Definitely an improvement and does everything I want i
 Being returned in less than 24 hours. Amazing customer servive,2,"So disapointed. The watch wont sync, wont reset, its been a very frustrating time. Fitbitt support c"
 Upset,1,I bought it in May.... it has stopped working in October üò°‚òπÔ∏è....
 Avoid,1,Functions failing and totally dead in less than 10 months. Not worth the cost.
" Device itself is excellent, but strap keeps coming off",1,"The FitBit Charge 5 itself is excellent. It automatically detects most activities, so it will track "
 Stopped working in 1 year,3,"I've bought this for my mom. She used it very gently, but it stopped working 1 year after purchase."
 Unreliable,1,This has become a truly terrible product. The app isn‚Äôt user friendly and it‚Äôs now a mission to try 
 Great when it works but too short a life,2,Bought to replace a Charge 3 that died after about 4 years. It's lost the floors count but compensat
 Rash with strap after a few weeks,3,This is my second Fitbit. 1st one I got off my daughter when she developed a rash with the silicone 
 Fits perfectly,5,"I love my Fitbit! It comes with free Fitbit premium for the first 6 months, which has really helped "
 Nice scent and quite good value.,4,We like this one and would buy it again.
 Good to use,5,Good to use in a bath and produces bubbles
 Gorgeous,5,Fab product and better price
 Luxury bubbles - No residue - Very concentrated,5,I absolutely love this Lavender-scented Bubble Bath! It's the ultimate treat for a luxurious bath ti
 Foams well and has a great scent,5,"Really good bath foam, as one would expect from Neal's Yard; it foams well, and has a great scent. F"
 Smells great,3,Love the smell . Fills the whole bathroom room with lovley smell .Really liked this .bit expensive f
 Expensive on the larger size,5,"Great product and love having it in the bath before going to bed but I got the bigger one,.Some migh"
 Great product,5,Great product but at a high end price point
 Delighted,5,What's not to love?!
 Luxuriant beauty sleep foaming bath mix,4,Neil‚Äôs Yard Remedies is a brand I‚Äôve used in the past and I‚Äôve never been disappointed yet. This bea
 Excellent quality,5,"The physical book is so much cheaper than the digital version, how is that right? The quality is gre"
 Item left of doorstep,2,"Product itself is great, poor delivery service just dumped on my doorstep in a row of terrace houses"
 Lovely condition,5,This is a fun extension to the monster guide in the basic DnD packs. The collector of the title is a
 A complete disaster,1,My Autistic Son bought this book delivered today page missing torn out and a lot of the pages are st
 Essential resource for the DM,5,"Bought as a present ""to order"".Absolutely appreciated and well used.Easy to call it good value for m"
 Incredibly detailed,5,Plenty of new features and details
 Nice,5,"Good book, plenty of interesting things for players and DM's. For once delivered with no damage and "
 Damanged,2,Arrived damaged at the corners
 Great book,5,A really useful book full of info
" Get it, you know it's helpful",4,"Seriously, try to get all the books, the ideas scattered around in them will have you feeling like a"
 good value,5,greatgrandson loves it
 Brilliant,5,"Great value, perfect for little hands, easy to assemble and nice bright colours. My 18 month old gra"
 Excellent Toy,5,Excellent Toy
 Perfect,5,"My granddaughter loves this set of duplo, we are adding to our collection slowly. Lovely bright colo"
 We love Lego,5,"Our little boy is in Fireman season, so all have to be about Firemen...."
 Lego toy,5,Usual good quality. Bought as a gift for great nephew who loved it.
 Fun fire engine,5,My fire-engine mad daughter loves this toy! Was simple enough for her to build by herself yet kept h
 Child loves this,5,Lovely Duplo set. The child I gave it to likes the story element to it... it's not just building blo
 OK,4,OK
 Well received gift,5,Ideal for 3 year oldLoved it
 Great Addition to JBL Range,5,I have the JBL Charge 5 for home use and longer travel but recently bought the JBL Clip 4 for short 
 Good,5,Best product
 Good,5,Good
 Great and good value,5,Sound is amazing - especially the bass. Amazing value and a great product.
" Sounds great, but doesn't last as long as I'd hoped",4,"Great sounding bluetooth speaker, with handy clip to clip onto belt loops when working. Has enough v"
 Travel speaker,5,Very good band of speaker. My friend has one that's why I brought it. I took it to Jamaica and it pl
 Excellent sound quality,5,It was bought as a gift for my granddaughter and was well received. The overall quality of the produ
 Nice üëçüèæ,5,
 Great little reasonably priced speaker.,5,"Took this speaker on holiday for around the pool and evenings. It was great, with well balance clear"
 Great value brilliant sound.,5,Handy size to travel around with connectivity excellent performance all you could ask for highly rec
 Happy with this mixer,5,"Ideal for a small kitchen, good little mixer, does what I need it for"
 Sturdy & stylish,5,"Very pleased with this food mixer. It's sturdy, looks nice, and does the job."
 Value for money!,5,Absolutely love this piece of equipment for my kitchen. It works well and I managed to bake a lovely
 Flaky,2,Using the stand is pretty useless so I've used it mainly as hand held and the problem with it is tha
 Do not buy,1,It broke as soon as I started using it. It lasted a few minutes and then it was completely dead. It 
 Great little machine if you are on a budget,5,"This is great little machine if you are on a budget, cheap and cheerful. I have used it several time"
 Recommend,4,"Nice to one gadget, does the job looks quality"
 Disappointed I'm afraid,3,"Price was good, a good size. Unfortunately I was disappointed, The beaters keep falling out , and no"
 Do not buy,1,It‚Äôs rubbish and does not mix properly. I would not recommend it.
 Faulty,2,First purchase broke within week received it so had replacement and that have broke now as well only
 Great,5,Granddaughter loves this
 Lol campervan,5,Excellent. Well made product. Quality materials used. Daughter will get lots of play out of this.
 nice gift,5,"quality plastic toy, lots of different elements and 5 yr old loves it"
 Great value for money,5,Great quality and a lot of fun for the price!
 Beautiful,5,Beautiful and excellent quality. My 6 year old daughter loves it.
 Good size,5,"Bought for granddaughter who loves it, good quality"
 Very nice,5,"I thought it will be much smaller, was very pleased when actually got it to find out its good size :"
" It‚Äôs LOL, the kids love it",5,"My little girl was delighted with this, she‚Äôs 5 and loves an LOL has the camper van and plane etc bu"
 This was a Christmas Gift,5,"As this was a gift, I do not know if this is has been used yet!!"
 Fun LOL camper.,5,Granddaughter loves this camper!!
 All good :),5,All God :)
 Benefit is benefit!,5,I tried many types of mascara and every time I return to this one because it‚Äôs my favourite.
 Everyone wants it,5,Literally never had so many people ask me what mascara I use! Its so light on the eye and looks so g
 Highly reccomend,5,Never use another mascara again. Great results
 Brilliant mascara,5,"Wouldn‚Äôt use anything else,eyelashes look like false ones ."
 Looks good but ‚Ä¶,3,It‚Äôs pretty good but I have to use a dry mascara want after I apply this to separate the lashes. I f
 Great mascara but not boxed.,3,Disappointed that this mascara was not boxed despite the picture giving the impression it is. It als
 Nice mascara,5,Nice handbag size mascara good product
 ‚ô•Ô∏è‚ô•Ô∏è,5,‚ô•Ô∏è‚ô•Ô∏èamazing
 Great mini mascara,5,Really good for if you don‚Äôt wear mascara that often like myself. Best used after eyelash curlers as
 Highly recommend,5,Should've bought one of these years ago. I just let it do it's thing and I carry on with other house
 Brilliant product.,5,Bought on prime day as I have back issues so using conventional vacuum difficult. This little robot 
 Its handy,4,Its really good but no remote control. App isnt good. Not easy to use. But other than that its a god
" Great little guy, but need some guidance.",4,
 50% off,5,Simple to set up. Create a schedule and just forget about it. If not just switch it on and let it go
 Great purchase,5,Really happy with my purchase very quiet and does a great job. It has a long battery life and a grea
 Just press the button,5,Read all the complicated instructions on how to set up fell down on not having wi fi. Looked it up o
 A Game-Changer for Clean Floors!,5,I'm absolutely thrilled with my Lefant M210 Robot Vacuum Cleaner! It's been a game-changer in mainta
 Excellent,5,Great price and performance.! Is very quiet and surprisingly powerful. We have hardwood flooring and
" My second robot vacuum cleaner, wow",5,This is my replacement for the Trifo Emma Pet I‚Äôd had for circa 2.5 years which has sadly packed in 
 Easy fun game,5,This is a game of chance and no skill needed but is loved by my 3 year old grandson - it's his favou
 Great,5,Great for small children that are just getting in to board games. Although would be better if the co
 Cheap and fun,5,"An easy to play, colourful, entertaining children's game, for an affordable price. Very happy custom"
 Xmas present,5,Supwr bright and looks good
 Great seller,5,Great item
 Nice and easy game,5,Fun game for a unicorn lover.Teach colour and easy to use for young one.
 Lovely game but would be better if more picture tiles instead of the leaves,4,"Well-made and lovely drawings of the bugs. We enjoyed playing this game, however, it was confusing t"
 Fun memory game!,5,"Got recommended this from a friend and my little boy absolutely loves playing it! Educational, fun a"
 Great for kids,5,I bought these for my grandson and he loves them
 Loved by the receiver,5,Kids love it
 Library in your pocket!,4,"Having owned a keyboard version from around 2011, I have ""upgraded"" to the basic 2022 model.My origi"
 Easy to hold,5,Very easy to hold and to use. Just tap the screen left or right to flip back or forward. Screen is c
 Nice and small,4,"Easy told hold, clear screen and able to be read in the dark , my 2nd kindle and this is far lighter"
" Used to be great, now it's utter rubbish that you can't even turn off!!!",1,Hey Amazon when you made this why did you assume nobody would ever want to them off? What a stupid t
 Kindle Easy Reading,5,"Very light to hold. Great clarity of screen. Facility to enlarge text, lighten and darken screen. Lo"
 Love my new Kindle,5,So light and easy to use. Holds so many books. I can take it anywhere as it fits into my bag easily.
 Kindle,5,Light weight easy to hold
 Xmas gift,5,Bought for my mum for Xmas on a deal looks good
 Not happy,1,The best features are the battery which lasts ages and I do read a lot and it's very light to hold. 
" Adverts everywhere, even when off",2,Mistakenly choose Kindle and did not choose without advertising. When off the kindle is now a billbo
 Easy to Use,4,Brought these in a lightning sale as I needed some new ear buds for the gym. These earbuds come with
 V Good for the price.,4,I bought these for use at the gym and didn't want to pay a fortune in case I didn't get on with them
 Great earbuds but not suitable for use when lying down,3,"They fit quite well in my ears (which are quite small) without falling out and they are comfortable,"
" A common problem, avoid!",1,After just 2 weeks the right bud will not charge; followed troubleshooting for both case and buds an
 Great Value,5,Got these for ¬£44 and they are great. They look good and fit very well with great sound for the pric
 Just great,5,Best value buds on the market
 Great quality,5,Happy with this purchase.
 Crisp sound but poor bass.,2,"Bought these as they were apparently the best buy under ¬£100 last year ,BUT I honestly don't know wh"
 Nice headphones,5,Very happy for the money. Good low price earphones
 Look good,4,I can‚Äôt review these as they are a gift
 Good Quality,4,A good product that does all you require to do. Recipe book gives you lots of options to try out.
 Ky kitchen assistant.,5,"Throw ingredients in and set dial, forget.Job done."
 A Very Disappointing Purchase,1,"I bought one of these about 8 months ago and have used it on about 10 occasions, usually on low sett"
 False advertising:,1,"This product is not 6.5ltrs as claimed, it is 6ltrs at best. Morphy Richards should be ashamed"
 Cooking,5,Great for cooking different dinners
 Fab,5,Love it to replace one that had the non stick coating which does not last like they say. This one is
 Does what it says,4,Good size for family and bulk cooking.
" Sold as 6.5 litre, yet only holds 4.5 litre filled to very brim!",1,"I ordered this as a replacement for my exact make & size 20 year old 1 . This looked way smaller, & "
 Satisfactory,1,Not bad but wxpensive
 Brilliant,5,"This was a great purchase and is one of the bigger slow cookers, it does exactly what it's meant to "
 Good,5,Quality
 Useless,1,Worked for a bit but then kept coming up with an error code and it would just stop mid cook.Arranged
 Good cooking,5,Seems to everything very well. I like the link to the iPhone.
 Five Stars!,5,What a great bit of kit this is. I‚Äôve been using this for several months now. I can say that I have 
 Works great,5,I have been using this product for all most 6 months. And it did not disappoint me. I am very happy 
 good product,5,useful product and value for money
 Not had to use oven since we got this,5,I was sceptical but this is a brilliant way of cooking love it
 Healthy eating,5,Love it
 Great Fryer,5,"Great Fryer, replacing my 10y old Philips, you definitely need to go for the XL, as I had to return "
 Great Airfryer,5,While I love this Airfryer - it does the job and very well at that - it is difficult to use without 
 Cup indicator failed,1,Cup indicator light failed
 The quality,5,"This kettle is great, the thing I like about it is there's no steam from it when boiled and it does "
 Ninja kettle,5,"As expected , this kettle is ninja 100% .I was pleasantly surprised when I switched it on for the fi"
 Good brew,5,Amazing though a little noisy good size makes very hot tea. Worth the money if you like tea or coffe
 Surprisingly Good,5,Having had a Cuisinart kettle for the past 8 years it was time to replace it. After much research I 
 It gets very hot,5,It‚Äôs gets very hot makes the best cup of tea
 Fantastic,5,Holds the temperature keeps clean performance is fantastic all of the above
 Keeps cutting out,1,"The kettle keeps saying its ""dry"" had the problem after a few months, then started working again, no"
 Brilliant,5,All round genuine quality product
 Perfect kettle,5,I thought with it having a smaller circumference that it would take much longer to boil.Absolutely n
 Speed,4,Brilliant that the card comes in a cute tin.
 Great Gift for Birthdays and Christmas,5,I buy this mostly for birthday and Christmas presents It's a great way to allow loved ones and frien
 great product,3,great
 GREAT IDEA,5,Birthday lady is well pleased with this novel idea.
 Tinned gift card,5,"It does what it says on the tin! Ha, ha."
 Great idea,5,"Excellent,what a surprise when my friend opened the tin,not expecting a Amazon voucher"
 Present for Wife,5,Think my Wife will like it!
 Amazon gift card holder tin,5,I bought this for my friend's birthday it arrived in the lovely tin with balloons design on it. So n
 very good,5,very pretty box a way to send a gift card.
 What a great present!,5,For the person who is very difficult to buy for these gift cards are such a great present. I buy and
 Expired film,1,"I paid retail price for film that produced maybe 1 ""usable"" image. All photos slightly discoloured, "
 Awful Film!!,1,"As a photography enthusiast, I recently decided to try a pack of bad Polaroid film out of sheer curi"
 Exactly as described,5,Perfect item. Exactly as described. One of the only places I could find this film as it is quite har
 Great product and equally fabulous puctures,4,Bought as a gift as it affords great pictures at a competitive price!
 Damaged Product,1,"The polaroid film cartridge is rusted, causing damage to the films inside. Every single picture came"
 Not bad quality... nice for the sentimental value,3,These are not bad... the picture quality is good if you follow the directions properly and leave it 
 It is what it is,5,Exactly what i was looking for üëçüèº
 Good,5,Very good
 Best Value,5,Best value I've found for this type of film.
 RUINED FILM,1,The film is ruinedIm doing everything right but the film is proper messedDissatisfied because im a s
 Excellent customer service,5,My appliance stopped working and Levoit promptly replaced it.
 Improved my sleep,2,With a drop of lavender oil it helps me sleep so much better
" It's nice, but it's a nightmare to get it cleaned",3,"It's nice, but it's a nightmare to get it cleaned"
 Cools air helps sleep,4,Bought to purify the air but was brilliant at cooling the room in hot weather
 Smell,2,"The smell is horrible. No matter what essential oil you put in, you can still feel the smell of plas"
 Enjoying my humidifier,5,"Low noise (was criticalto me), good performance, simple but nice design. Easy to use following the i"
 It's a wonderful product!!!,5,It was a nice purchase!!!! I am going to buy the air purifier of the same brand soon!!
 Great purchase,5,This humidifier is great! I use it every night. Also love the light feature. It's the first humidifi
 Does exactly what it says,5,Easy to use. Easy to clean and works perfectly
 Brilliant,5,"I bought this a few week ago, love it, use it daily, beneficial for health, better nights sleep. Eve"
 It didn't work on arrival,1,It didn't work on arrival.
 Excellent gift,5,My children love harry potter. Great gift
 Happy child,5,My sister was very happy to receive this hat as she is Harry Potter mad. She loves it and thinks it‚Äô
 Easy to use product good value,5,Great fun for grandchildren into Harry Potter
 Brilliant,5,"So realistic, mouth moves and voice clear. Bought for grandson‚Äôs birthday and he absolutely loves it"
" Malfunctioned after 4 hrs , couldn‚Äôt use so disappointing",1,"Hat looks great, sounds great, stopped working started stuttering first part of one word over and ov"
" Fun sorting hat, with 15 phrases and movement.",4,I got this for my daughter who is a huge Harry Potter fan and she was delighted by it. It requires 3
 Best Christmas buy,5,I‚Äôm not a H P fan but was fascinated by the Sorting Hat it speaks 2 languages and it‚Äôs lips move‚Ä¶
 It's magic,5,I purchased this for a friends 7 year old son as a birthday gift. He was so excited and the hat did 
 My granddaughter loves it,5,A bit too heavy
 Xmas gift,5,It looks good.
 Great,5,11 year old enjoyed putting this together
 Bought as present for 7 year old.,4,Good interesting present for 7 yr old.
 Can't finish model due to design and doesn't look great,2,"After buying and putting together their shuttle model, which was enjoyable and the end model looks g"
 Basic,3,Not impressed
 Fast replacement item.,4,I got this Clementoni hypercar a couple of weeks ago and also got the RC police car. On building the
 Utter dross,2,So many leftovver pieces and parts. A huge waste of plastic. The stickers don't line up. Very basic 
 Good value and quality,5,"Bought for my grandson, he loves itGood price & quality"
 Poor quality,1,Products like this one are really useful to build once in a while so you can appreciate how good Leg
 Grandson loves it,5,"Bought this for my 9 year old grandson. He loves it, loves to see how things work. Will definitely b"
 Great,5,Have this above my garage door. It gives a good light when I drive up
" Lepro Security Lights Outdoor...Nice and slim, very bright.",3,"Lepro Security Lights Outdoor...The light itself is very good, slim and very bright.The downside is,"
 Broke after 10 months,1,Made in China. Broke after 10 months. Need to get an electrician to refit. Buying these lights from 
 100 percent good..,4,"Good,,,"
 Excellent Quality,5,"This light is very well made, really impressed with the quality, easy to install, very powerful ligh"
 It doesn‚Äôt work‚Ä¶!!,4,This product is useless! Which ever setting I set it to the light only works when I hold my hand com
 Great product,5,Top seller high quality product
 Big value on a small item,5,This security light has helped in improving security and an asset when working outside affter dark.
 Outside PIR light,4,Excellent good illumination smart look energy efficient
 Perfect Security Light,5,Well made item to withstand the elements. Easy to install and set up giving a nicebright light.
 Good vacume cleaner,5,"Easy to use on the floors and carpets, not so good to empty the dust out."
 Easily as good as a Dyson for much less cost,5,An excellent hoover. Bought this for my Mum who is elderly and was struggling with a big old panason
 Vax,4,Does what it says on the box plus a bit more #excellent
" This product really sucks (in a good way!), expensive battery.",5,Learn how to wash the filters and clean it to restore its ability to change the colour of your carpe
 Avoid,1,"Ordered the product, got it and it didn't work. It would turn on then after 2 seconds turn itself of"
 Money well spent,5,Well worth the money
 Light and easy to use!,5,"Light, easy to use and so much more flexible and versatile than my previous larger cleaner. The prev"
 Lightweight cleaner,5,Great cleaner on hard floors and carpets. Has a good run time before needing to be recharged
 Confused!,3,This was a little bit heavier than expected to use. Arm got sore very soon after using on carpets.
 Battery power,5,The suction control is great and it is easy to clean are really good features. My only complaint is 
 Nice,5,Color
 Good for the price and included postage.,4,Love my throw.Its just the right size .Light but cosy and warm.Pretty colour too.
" They are massive, good vfm",5,"So big, really good vfm"
 Excellent,5,"Excellent, beautifully soft, light weight, washed gorgeously stayed soft fluffy dried in tumble drye"
 Does not wash well,1,After washing the blanket it looked really bad. I donated it to the puppy basket. Do not wash it as 
 Throw,5,Cozy couch throw
 Lovely Throw,5,Exactly as pictured & described
 Very small even for single bed.,1,"Small and not very good quality, The size is the main reason, barely fits single bed."
 So soft,4,I got 2 as throws for my sofas. They were just the right size and so soft but my son has taken one f
 Soft but ruined after a wash,3,Good for the price but didn't handle a wash very well. Pay more for a better quality or do in a cool
 Nice gift for a birthday boy,5,"He loves it, nice gift for a birthday boy. Arrived on good timing and excellent service, thank you"
 Love it,5,My kids love it
 Bought as a gift,5,Child very happy with toy
 Wizards love,5,"Oh what fun. The girls we bought it for loved it. The down load of the app, was easier than expected"
 amazing,5,Really enjoyed for christmas works perfectly
 Harry Potter Pictionary,4,Basically once you figure out how to get it to stream to your tv via mirroring it‚Äôs great for older 
" Doesn‚Äôt work ,",1,"Bought for my daughter for Christmas , wand doesn‚Äôt work the top did not turn green soIt was complet"
 Works well with Apple products,5,It works well with an iPad and Apple tv. We had fun playing with this at Christmas. No lag or connec
 Fabulous,5,"Great game for the Harry potter enthusiast! Bought for a present, great fun, well impressed"
" Glitches, awkward to use.",1,Have to hold phone / Tablet your casting then to TV as you draw.Mine draws all be itself.... stupid 
 Perfect fit,5,Love the colour and fit. Easy to use. No more dripping hair
 No frizz,5,I love this hair wrap. It left my hair super sleek with no frizz. I wish I had discovered these year
 Errr not sure about this,1,This is suppose to help with curly hair - don‚Äôt be fooled and waste your money it doesn‚Äôt work
 Fit,5,Easy to use and pretty
 Looks nice but it is very thin and not that Absorbent.,3,I have shoulder length hair and it only just fits into this. I twisted it twice then tried to button
 Perfect for curls,5,"Used this for over a month now and wouldn‚Äôt use anything else, it‚Äôs really light weight and really a"
 Disappointed,1,"Wanted a thin hair towel. This is thin, nice colour but it doesn‚Äôt dry hair enough. Used a few times"
 Best purchase,5,I am a swimming teacher and bought this to dry my hair off when I get out the pool. It‚Äôs excellent a
 Could be better but does the job I bought it for,4,"I bought this in several colours to take to the swimming pool with me. It could be more absorbent, b"
 The turban for protecting hair,5,I was looking for a turban to protect hair when I apply and remove make up. It is exactly perfect fo
 Great,5,Looks really good
 Good value and look great around kids bedroom,5,Easy to put up and use
 Great price,5,Very well made easy to install lots of choices on the remote
 Very flimsy connections,3,"They are good if you run then without cutting and connecting, if you want to connect them using 4 pi"
 Delivery on time,5,Dose the job well
 Led 5mtrs lights,5,Everything very good really pleased will buy again amazing flexibility of use on this set
 Very nice,5,Very nice and bright.
 Must have,5,I‚Äôve had these led lights for 2 years (I know writing this review a bit late lol) and moved them ove
 Led lights,5,Very very good thank you so much...
 Very Good,5,I love each product
 That it is a gift card,5,Bought this for a friend and it was gratefully received.
 Attractive gift,5,Nice flowery gift card holder. You feel you have sent flowers and a gift all in one.
 Pretty,5,Ideal for the person who‚Äôs difficult to buy for
 Lovely card,5,"Arrive on time, good for gifting"
 Personal message requested was not there,3,I asked for words to be added because this was a birthday gift but it came with no words. I did feel
 That this the most appropriate gift.,5,There is not anything that I disliked about this gift voucher. It was most appropriate for purpose.
 Great,5,Arrived quickly. You can't go wrong with the gift card if you do not have idea what to buy. I love f
 Super cute,5,Lovely gift card
 Very pretty gift voucher,5,Very pretty gift voucher would buy again.
 Perfect,5,Pretty gift card
 It does the job,4,"The instructions are ok but when I try to alter the crust darkness, it does not change. I had a coup"
 Brilliant!,5,This is a review of the Panasonic basic SD-B2510 Automatic bread maker. We bought it as it was the #
 Works as expected,5,"Makes good bread. We use the XL setting with medium size bread ingredients, and it comes out huge. N"
 takes ages,2,"Bought, read instructions, never used. This is my third breadmaker and it was bought following the e"
 Qlty,5,Great thanks
 Perfect bread easy to operate,5,Bread making
 Gluten free = Great!,5,This makes amazing crusty gluten free loaves if you get it right. I do a medium size loaf (500g of f
 Disappointing bread,2,"We read many reviews that said this machine makes the best bread. So far it has not, despite followi"
" Easy to use, great bread!",5,Did a lot of research before buying and decided this model (SDB2510) met all our requirements at the
 It‚Äôs difficult to see the controls,1,This is my 3rd Panasonic bread machine and it is the worst one the controls are difficult to see unl
 Lightweight,5,"A lightweight, compact, easy-to-use vacuum cleaner at a good price. Very satisfied."
 Powerful suction & lightweight to use.,5,"Highly recommend this Russell Hobbs vacuum cleaner. Very lightweight to use, comes with complete set"
 Keeps up with the Jones's!,5,"If you want a Dyson but can't afford one, then purchase this. Very good for a small flat, would need"
 Excellent to use and manage,5,"This vacuum is the best to manoeuvre and lightweight for arthritic hands, am enjoying the ease of us"
 Vacuum cleaner,5,"Came very quickly, does the job"
 Very happy so far,5,"Have been using this vacuum for several weeks now and I'm very pleased. Good value for money, no bag"
 Works fine and value for money,4,"Works fine, you get what you pay for. It's been fine and I have now had it for almost 10 months it w"
" Very good compact, powerful, easy to clean",5,
 Poor,2,Poor quality..I dont think it will last very long..on the plus side..easy to empty
" poor quality, poor suction",1,"I thought that at a fraction of the price of one of the leading brands, even if this didn't last as "
" COSORI Smart Air Fryer Oven Dual Blaze 6.4L, Double Heating Elements",5,I have 2 Cosori Duel Blaze 6.4 Air fryers also a Cosori Air Fryer Oven and I use them all every day 
 Larger then I thought,4,Very compact nice looking air fryer very good value for money
 Top notch product,5,"Had a similar air fryer to the cosori a few months back and it died on me , so gave this a try and i"
 Excellent Product,5,Much easier to use than a standard oven and very pleased with this air fryer. Corsori has excellent 
 Absolute Game Changer,5,"Having owned one of these for year this really is a phenomenal piece of kit, ever since owning one o"
 Would definitely recommend,5,"Cost effective, looks good, nice touch screen display and cooks food as well as any oven I‚Äôve used."
 Goodbye Oven,5,My friend had bought this product and had used it to cook a meal. I was surprised as the crispy but 
 Game changer,5,"Bought this as an extra Air Fryer, lovely large basket, bottom heating element a game changer, not a"
 Amazing,5,For the price this is far superior to the more well known brands. It looks good and great performanc
 Petfect,5,Perfect purchase
 It does not work. No Mist,1,
 It's ok,3,This looks quite nice but is a bit bigger than I expected. It's nicely made and easy to use. It's no
 Can not smell,2,Not as good as the reviews iv read. Can hardly smell. I actually thought this was a difuser and orde
 Smell is lovely.,4,The smell is lovely and very quiet. However I keep forgetting to set it at night!
 the smell is lovely,4,some thing that really works i have trouble sleeping but this item gave me a full nights sleep
 Didn‚Äôt last long,1,"Bought from the Yankee shop and was impressed with the quality but after a month, i noticed it was l"
 Not what i thought,3,Not what i thought its not constance mist every 5/10 mins
 Helps me to relax,5,Helps me to relax. Others have said they like and enjoy it.
 Not worth it. Sort of.,2,I'm giving two parts to this review because it's worth explaining why this product is fundamentally 
 Does not work,1,Not the best air diffuser. Don‚Äôt waste your money
" Not impressed, it has very weak suction power and non-intelligent logic behind",3,"Not impressed, it has very weak suction power leaving many small dust parts behind. It does not have"
 Power button fails on multiple devices,1,"The power button failed on 3 of these M210B robot vacuums. Sent 1 back, same thing happened on repla"
 My cleaner,5,"Fantastic! I go out, come home and everywhere is spotless‚Ä¶ and I don‚Äôt have to pay the cleaner lolol"
 I love it!,5,"Easy to use and gets to all the places I can‚Äôt with the upright; under the bed, sofas, wardrobe etc"
 Does the job,4,
 Great product at the price point,5,I had a different one previously and this outperforms it at a cheaper price point.Overall very pleas
 Fantastic item,5,Fantastic hover ideal for use on dog hair would highly recommend long battery life and surprisingly 
 Just amazing,5,I have a silver lab so she coats my light flooring in her fur...this machine is a game changer. I ca
" Lovely little robot, but not the brightest",4,"Beautiful little robot, I‚Äôve named mine Salvador, as his bristles remind me of Dali. He works hard, "
 It actually works,5,"We love our wee robot, you will not believe the amount of dust and hair it gets. We set it for when "
 Very good Midi keyboard.,5,"Good size, good sensetivity or weight of keys. It's light to carry around. Not bad. It's works seaml"
 Missing items ?,1,"It was missing a cable, manual and software. Looking at the box I suspect it may have been interfere"
 THEY BREAK.,1,"I've had three of these, four if you count the one I got off ebay. They've all got the same fault. A"
 Little smaller than expected but perfect for my needs,5,"I‚Äôm not a piano player, or a keyboard player. I‚Äôm just someone who likes to tinkle and play with Gar"
 No software,5,All software that comes with product has been discontinued which is disappoiting
 Love it!,5,Love it!
" Good device, but you need a USB hub if using it with an iPad.",4,My daughter uses this with her iPad mini. It disconnects every-so-often unless the keyboard is plugg
 piano,5,it is ok for the low price it is really good
 Absolutely ideal for music production,5,The keyboard is touch sensitive which is great and better than expected. Could do with a few more ke
 Still works,5,The M-Audio Keystation 49 MK3 is a fantastic USB MIDI keyboard controller that offers an exceptional
 just what we needed,5,nice colour
 good value for money,5,This kettle looks like a more expensive one but at a fraction of the price. Great!!!!
 Nice set,4,It was a gift but I‚Äôm happy with it.Looks stylish in the black with my other kitchen stuff
 Plasticy,2,Bought to replace my 4 slice as was broken. Small compact but honestly a bit cheap looking as the su
 Good toaster,5,"Lovely colour. This is an ideal toaster, does what it says on the box."
 Best thing since sliced bread,5,"The variable thickness works work, someday you just need a hot butter crumpet. Temperature controls "
 Flimsy cheap rubbish,1,Terrible
 Great kettle.,5,"This review is for the kettle that matches the toaster, review. I'm only getting the toaster picture"
 Perfect,5,"Design perfect, really easy to use !"
 Great!,5,It boils water!!;)
 Is what it is,5,Not fluffy but perfect for what we needed it for in my opinion I'd buy again if needed I bought 3 fo
 Ok,5,Ok
 Awful material,1,Loved the idea of this quilt coverThe material is very silky and quilt moves around in itMy grandson
 Minecraft,3,This bedding set is made from a nylon fabric which is slippery and would make you sweat at night. No
 Beautiful,5,Love it
 Value for money,5,Very nice my Grandson loved this
 Not very good old pleat curtains,1,Curtains are old pleat ones with no hooks
 Useless,1,Once it‚Äôs on your duvet within seconds it‚Äôs back out the corners again! I get its not cotton but I d
 Nice Soft material - Great Design,5,Kid loves it
 Good,5,It was a gift for my grandson and he like Minecraft.
 Really good,5,bought for my son who loves taking photos
 Great present for my 5year old nephew,5,Great gadget for my little nephew. Sturdy and printable pictures are a great features.
 Looks great,4,"Present for grandson, not seen by myself."
 Great camera,5,It isn‚Äôt the camera I wanted to buy to replace the lost original one but my son loves this camera. H
 6 months on neither works!,1,I bought these for my twin sons. They have been used intermittently since Christmas.They wanted to t
 Great!,5,Bought this for my son and it has been amazing. Great for his creativity with the photos and videos 
 Excellent product,5,A joyful product for a five year old. Opens their eyes to see the world through a different lens. A 
 This takes black pictures,1,No flash in this camera don‚Äôt bother because you be only able to use is outside
 Fits the camera well,4,Great little selection of paper rolls for the camera.it also includes stickers which are fun to use.
 Fantastic,5,"Although it's a fairly low quality , in daylight it's really good fun , daughter has had loads of fu"
 Far too expensive but‚Ä¶,5,"It really works for me personally, I love this pillow. Much better sleep every night but too expensi"
 Brilliant,5,"I have a Tempur cloud pillow, which is great, but on occasion too firm for my neck (I have cervical "
 Not good for side sleepers,2,Head ends up in a flat pit in the middle not enough filling by a long wayHad to order more just beca
 Cooling,4,"I Bought this for my daughter who was suffering from hot flushes, she said she didn‚Äôt notice it bein"
 Not worth the money,2,"Not worth the money, the pillow is too soft so the hight of it doesnt matter. No neck support whatso"
" So far, so good",5,I like medium pillow with good support but one that feels soft under my head. I think thats a bit 'p
 Great comfort and it's adjustable - keep an eye on the sales,4,Still unsure if the recommendation is to use a pillow case or not. But with a pillowcase it is very 
" yes, it really works",5,This is an expensive pillow but the claim that it reduces body temperature is apparently true!
 MAGIC!,5,"Honestly I was waking every morning with neck pain or a 'crick' in my neck, I thought over ¬£80 for a"
 The best pillow,5,The is the best pillow I have had. You can adjust the height and firmness of the pillow by taking ou
" Awesome colour, best bath bombs we've used",5,"Got these for my kids 4th birthday. Very good colouration of the bath, we used the purple one (mercu"
 Great for kids,4,My grandson loved not only the bath bomb effect but the informative cards on each planet. Great fun
 Good gift,5,A good gift for any young space fan who likes a bath bomb
 Brilliant. Highly recommended.,5,Plays happily in the bath until water goes ü•∂.
 Kids just loved it!,5,Kids loved it and had such a laugh. Would buy again!
 Grandson loved them,5,"Purchased for my grandson, he loved them."
 Fun bath bombs,5,We all loved these. Kids liked them in the bath and we all loved reading the facts about the planets
 Great fun and educational,5,Got these for my son to help him learn the planets as that‚Äôs his topic in school at the moment and i
 First time,5,Normally buy bath bombs from Lush but did not have time this week.Tried these and very impressed wit
 Great,5,Smell nice
 Ninja wok,5,It is true non stick and nice to cook with.
 Usual Ninja Quality and Performance,5,"Arrived well packaged, was impressed with the fitting of the lid. Have cooked using it a few times i"
 Love ninja,5,"Such a good pan, nothing sticks, cleans super easily and you don't need much oil at all. We have lot"
 Brilliant,5,"I‚Äôm fussy, best pain I‚Äôve had."
 Perfect,5,Well worth the money this is another level of non stick cooking without the poison chemicals of tefl
 It does what it says..,5,"Love ninja, easy to clean and just overall fantastic."
 Is good quality,5,For easy cooking easy use
 Great non-stick pan,5,"As all ninja products, It is very good"
 Last about 9 month,1,The non-stick coat break in 9 month with normal usage.
 Started peeling,1,Peeling after a couple months use.
 Very nice,5,So beautiful !Love them very much
 Just the right size,5,Perfect for making espresso on leva espresso machine. Just right size and feel good quality.Actually
 Mugs,5,Great brand/quality at a reasonable price.
 Expresso,5,Always remember to check the size of the mugs - these look great but are the smaller size
 Perfect for coffee,5,"I really like drinking out of these mugs, which also look great. They feel solid and sturdy and are "
 Superb,5,Goes well with my new kitchen and my new Cafatiere.
 Beautiful,5,They give me a pick me up!! I chose most fitting colour for the day! And the seem surprisingly study
" Great Quality, solid and Look Nice",5,"Not cheap but they look great, nice and solid and good colours"
 Bought as a House warming gift,5,"Bought as a gift, but loved it to the point of getting myself a set. I would highly recommend"
 Don't Buy as a Gift,1,The mugs arrived covered in tape and wholly unusable as a gift set.
 roberts radio pros and cons,5,"very good value for money. the only ""gripe"" i have got is that i find it hard to see the the station"
 nice radio,5,as I have had the same radio before I find that the quality of this product is very good the only do
 Radio,3,Tidy radio but tuning to severe
 Roberts radio,5,I accidentally ordered the wrong colour I wanted a silver one but ordered a white one. It's fine tho
 Wanted a good portable radio,1,When recieved did t work ordered replacement was exactly the same
 It is PERFECT! Thank you xxxxxxx,5,I am thrilled with it. xxxx
 Bought as gift. Excellent radio. Good sound.,5,Bought for mum. My radio is Roberts. I like the brand.
 Excellent,5,"Brilliant, good quality and excellent sound."
" Looks good, sounds great and cotrols are uncomplicated. I can't yet comment on battery life.",5,Have found nothing to dislike. It does the job of providing me with a radio in the bathroom.
 My fault for buying a cheapo radio,3,"Sorry, I don't like it, I have even tried to give it away. Poor sound, poor everything.."
 Love this!,5,Bought this for my husband who absolutely loved it. He is an excellent painter and really enjoying d
 A lovely Harry Potter themed plant growing set,5,The Clementoni 19248 Terrarium with a Harry Potter theme is a magical gift for young wizards and wit
" It‚Äôs okay, a bit of fun",3,Bought for my daughter who loves Harry Potter and anything crafty. The advertising picture is quite 
 Fantastic quality,5,"Having purchased a few different ‚Äògarden‚Äô type sets for my kids previously, this is easily the best "
 Good craft activity.,5,Good fun to make. Enjoyed putting it all together and decorating.*Be aware that you'll have to make 
 Great,4,I got this for my boyfriend for his birthday and he loves it. Only thing is the hut just soaks up th
 Good item,5,Great item
 So cute,5,"Bought for myself an adult and it was so cute to do, easy to make, I did use a sharpie to get more o"
 Step daughter loves it,5,Perfect little gift if you want to get them into plants! Good value also
 Absolutely miniscule,2,"Very, very small.Box is deceptive"
 Wonderful bit of kit,5,"Absolutely delighted after several months of use. Extremely well built, some may find the jug heavy."
 Quality product,5,"Haven‚Äôt used it a lot yet but makes perfect smooth tomato soup, also made good blackberry jam"
 Crack after heating soup,3,Bought product 5 months ago and it‚Äôs devoloped a crack after heating up soup hence it‚Äôs become fault
 Quality item,5,"Great item! Compact, quality item which has done a great job so far making heated soups. The self cl"
 Game changer,5,Absolutely brilliant love it makes perfect soups I just need to sort out what I want to make. Great 
 Excellent. Worth the price.,5,Makes beautiful soups. Fast. Great when it's cold and miserable outside and you need comfort food. H
 Probably brilliant but weight!,3,"No doubt extremely capable blender, but weight of unit and even the separate jug, means elderly or d"
 Ordered new but got used,1,No protective plastic covering on the machine front panel either.
 The glass jug is VERY heavy,3,I should have listened to advice. The jug IS VERY HEAVE. If your sink is not close by then my advice
 Great product,5,Other people I spoke to love their soup makers so decided to trust their advice as I really like the
 Great balls,5,Great balls and lose these as easily as other makes - cheap enough to replace.
 Top balls,5,Good price Good balls
 Love these golf balls.,5,These balls especially in yellow are in my opinion ideal for the sightly higher handicap player. Eas
 Great balls,5,I like these. Great quality. Good and reassuring feel on drives and putting.
 Good value,5,Good medium range golf ball
 Improve delivery service,5,Product is fine but whatever happened to delivery drivers actually knocking your door and handing a 
 Mid Range,5,"Excellent ball, if your struggling a little and losing premium balls, put these in play excellent qu"
 Quality,5,Tietliest what more to say
 Great balls...lost them all,5,Glad these balls were a decent price because I lost them all quicker than it took for them to be del
 One hit wonder,5,Great balls. But no different from any other golf ball I've owned. They only last for 1 hit. So I'm 
 Does exactly what you need it to do,5,This just works!
 Says what it does,5,This help me fix my 3 broken hdmi and replace it
 Comes with a Channel Splitter.,5,I added a Roku streamer to my blu ray and TV set-up so needed an extra HDMI socket. Each HDMI can be
 Doesn't work with fire stick,1,"Switches some things but not fire stick, just shows a flashing screen. Product page directs to UGree"
 Works well,5,Good switcher does what it says. You do need to be a bit patient between switching ports. But I thin
 Good but could be better!,4,"The main issue I have with this is the fact whatever HDMI number you choose to turn on, all attached"
 Best,5,Best qualityNot a tech guy but 3 input to display on 1 screen. Will NOT DISPLAY all screens at the s
 No 2160,4,Not 2160 compatible
 Didn't work,2,I purchased this after reading reviews and because i was fed up of having to get up and change the h
 Great üëç,5,Fast delivery. Works very well.
 Great little set,5,Perfect for my toddlers bed and I love the fact that it's reversible to.
 Deceptive,1,Product photos made to look like a pillow is included. It‚Äôs not.
 Douvet set for children,5,Very good quality thanq great value for money
 Nice duvet set,4,"I only found one negative with this, and it was after I first washed the set, part of the pillowcase"
 Good value set,4,The set is good value for the price and it looks really nice on my daughters cot bed. The only downs
 Literally just got it out the packaging and its broken,1,
 Wrong size,2,"The product looked ok, however, I ordered Single size and received a Junior size. I was sent a repla"
 Cot size duvet cover.,5,Good cover the price.Delivered in good time too.
 Came apart at seam after one wash,2,"Initially very happy with purchase, but after one wash a hole has appeared at seam making product un"
 Review,4,It was beautiful.
 Very pretty,5,I have just bought another as I bought one a few months ago and my friend loved it. Very pretty and 
 Very nice,5,Came on time and nice envelope
 Well received,5,My god daughter loves it
 Birthday,5,Bought for a friends birthday. Cute and loved it.
 Little Black bits everywhere,1,"It looks lovely in the pictures, and I bought it for my granddaughter to congratulate her on her exa"
 It was delivered in a really short time,5,"I thought when I saw it, wow, fortunately the recipient loved it too!!"
 Birthday,5,Looks a good gift card
 Excellent service,5,Excellent item and communication.
 Amazon gift cards,5,"Nice quick and easy, I like it , 98 or 99 pence extra to the amount you put on the card and you coul"
 Gift token,5,Well received
 Great,4,Really good my child enjoys this. Just wish the corner section connectors were the same as the rest 
 No packaging!,3,Bought a hot wheels track for my childs birthday and it was delivered in absolutely no packaging wha
 Great for hot wheel fans,5,Great to build alongside your hot wheel city. My son always makes different courses for his cars
 amazing product,5,my son loves this toy (he‚Äôs 5). even all of his friends/family that play with this think it‚Äôs so coo
 My 3 year old grandson loves it,5,I think it is quite difficult to put together. He can't do it by himself
 Christmas,5,My grandson wanted this therefore enjoyed
 Brilliant track set,5,We got this as a pressie for our 5 year old and he‚Äôs loving it. You can set up different tracks. Mos
 Extra track to add to hot wheel kit,5,Liked the ability for my grandsons to be creative and add track set ups to their other Mario kits.
 Hot wheels track with interactive box,5,It‚Äôs what my grandson always wants track clips into box to provide ramps etc and at at competitive p
 The best fun for all!,5,I bought this for my grandson 8th birthdayHe & his Dad had loads of fun constructing it! I would say
 Too soft,1,I dont like the quality
 Cool bedding,5,I really liked how it convinced my hypo 5 year old to actually stay in bed for 2 nights
 Recommend,5,Grandson loves this beddingüëçüëç
 2nd wash and the every thread has pulled,1,Never have I had had bedding like this!! Worst! The duvet never stays in place and then second wash 
 Love it,5,Really good
 My son loves his sonic set,5,Looks good quality and soft.
 Decent bedding set,5,"My kid loves sonic, this was a gift for him. He loves it has 2 sides to it and even a pillowcase, it"
 Gifted as a present,5,"I gifted this as a present for a friend's little one who has sensory issues and he loves this, it is"
 quilt bunches up within an hour of my child being in bed.,2,quilt bunches up within an hour of my child being in bed.
 Great sonic duvet cover,5,My grandson loved this cover !
" Very small, but cute",4,"It comes in a very small, but cute box. The paw print doesn't stand out. I purchased it for a friend"
 Simple,4,Bought for a friend she liked it I was a bit disappointed as a label was stuck over the writing and 
 Letters missing ruins gift,2,I read reviews about the sticker issue thinking they‚Äôd have resolved this by now- no! What I receive
 huge label stuck over message on box so ruined gift,2,"Nice little gift, except it was ruined as the label could not be removed without ruining the message"
 Cute and beautiful gift,5,Bought as a gift for friends who lost their cat suddenly. They loved it.
 Lovely Reminder,5,Loved these.. üíôGot one when my gorgeous 4-legged boy passed away to keep in my pocket whilst out wal
 great gift,5,"Given as a gift after friends dog passed away, a small and simple design to pop on a ledge as a remi"
 Purrrfect,5,Just what was needed
 Cute little item,5,Bought as a gift for a friend. Was well received.
 Lovely,5,Got this for my cousin whom had just lost her Labrador and she loved it
 best buy,5,"lovely colours, still haven't run out yet. defo be buying more when needed"
 Dreadful won‚Äôt come off üò°,1,Will have to throw it away
 Really good for the price,4,"These polishes are really good, I was doubtful given the price but the pigment is good even for the "
 5‚òÜ,5,"Great product, beautiful pastel colours, great price."
 Some colours not accurate.,3,"I bought this for a birthday present as it it had what I thought was nice range, some pinks light an"
 Pretty colors,4,I thought t will be more nude . But I still love it üòÄ
 Nice colours,4,"Nice colours, wanted for french but too dark"
 Great,5,Great gel polish. Been using this for a couple months and I have no complaints
 Great quality,4,Highly recommended
 Nice colours,2,Nice colours but cannot get the cat's eye to work. The metallics are very thick and no matter how lo
 eye and nose cleaner,1,the product had no seal and had leaked into the packaging very disappointing
 Lovely hat silk that fits perfectly. Great quality,5,Really great quality hat silk from le mieux. Fits my Charles Owen Pro 2 riding hat perfectly. Recomm
 Stylish,5,"Great cover , fits well and has a nice shape to it."
 Would NOT recommend. BUY DIRECT.,1,"Fake hatsilk & not even a good fake üòÇ logo is huge, threads are loose & extremely tight elastic arou"
 No more egg head,5,"This was exactly what I was looking for, had many uses whether it be hunting, fun rides or competing"
" fits well, looks good",5,"Well made, excellent stretch to fit big hat"
 Great silk,5,I've started lessons again after a large gap. I bought this for my Charles Owen jockey skull size 58
 very good fit,5,really good
 Much better than I expected,4,Had a Phillips ambilight TV which has unfortunately been playing up. Bought a new TV but my wife lov
 Easy to install!,5,Really love this! TV looks amazing now and very easy to install.
 Doesn‚Äôt work camera wouldn‚Äôt connect on app could not calibrate,1,Doesn‚Äôt work complete useless camera would connect at all wasn‚Äôt able to calibrate bring it to the p
" Excellent, this is the second I have purchased for a second TV.",5,"Excellent product, I highly recommended govee, this is about the 6th Govee product I have and second"
 Make sure you double check the brightness & then enjoy!,5,
 Not very good,1,"Camera function was poor, pads don't stick long. And LEDs are poorly manufactured"
 Colour matching,4,Great product would highly recommend only thing I would complain about is lights on in a room preven
 It's really good I love it .,5,
 Great bit of kit,4,"Does exactly what it says on the tin, the lights are easy to setup and the camera picks up the diffe"
 Ok product,4,These work ok not 100% accurate on colours but still good
